<?xml version="1.0" encoding="UTF-8"?>
<project-private xmlns="http://www.netbeans.org/ns/project-private/1">
    <editor-bookmarks xmlns="http://www.netbeans.org/ns/editor-bookmarks/2" lastBookmarkId="0"/>
    <open-files xmlns="http://www.netbeans.org/ns/projectui-open-files/2">
        <group name="Ejercicios_noave">
            <file>file:/C:/TRABAJO/_TI-Informatica/Programación/Java/ConcesionarioMVC/src/concesionariomvc/Views.java</file>
            <file>file:/C:/TRABAJO/_TI-Informatica/Programación/Java/ConcesionarioMVC/src/concesionariomvc/concesionariomvc.java</file>
            <file>file:/C:/TRABAJO/_TI-Informatica/Programación/Java/ConcesionarioMVC/src/concesionariomvc/Models.java</file>
        </group>
    </open-files>
</project-private>
